date,city,min,max,precipitation
1/1,"Los Angeles, CA",47,68,0.11
1/2,"Los Angeles, CA",47,68,0.1
1/3,"Los Angeles, CA",47,68,0.11
1/4,"Los Angeles, CA",47,68,0.1
1/5,"Los Angeles, CA",48,68,0.1
1/6,"Los Angeles, CA",48,68,0.1
1/7,"Los Angeles, CA",48,68,0.1
1/8,"Los Angeles, CA",48,68,0.1
1/9,"Los Angeles, CA",48,68,0.1
1/10,"Los Angeles, CA",48,68,0.11
1/11,"Los Angeles, CA",48,68,0.1
1/12,"Los Angeles, CA",48,68,0.11
1/13,"Los Angeles, CA",48,68,0.1
1/14,"Los Angeles, CA",48,68,0.1
1/15,"Los Angeles, CA",48,68,0.11
1/16,"Los Angeles, CA",48,68,0.1
1/17,"Los Angeles, CA",48,68,0.11
1/18,"Los Angeles, CA",48,68,0.1
1/19,"Los Angeles, CA",48,68,0.09
1/20,"Los Angeles, CA",48,68,0.1
1/21,"Los Angeles, CA",48,68,0.09
1/22,"Los Angeles, CA",48,68,0.09
1/23,"Los Angeles, CA",48,68,0.1
1/24,"Los Angeles, CA",48,68,0.09
1/25,"Los Angeles, CA",48,68,0.09
1/26,"Los Angeles, CA",48,68,0.1
1/27,"Los Angeles, CA",48,68,0.09
1/28,"Los Angeles, CA",48,68,0.1
1/29,"Los Angeles, CA",48,68,0.1
1/30,"Los Angeles, CA",48,68,0.11
1/31,"Los Angeles, CA",48,68,0.11
2/1,"Los Angeles, CA",48,68,0.12
2/2,"Los Angeles, CA",48,68,0.11
2/3,"Los Angeles, CA",49,68,0.12
2/4,"Los Angeles, CA",49,68,0.12
2/5,"Los Angeles, CA",49,68,0.13
2/6,"Los Angeles, CA",49,68,0.13
2/7,"Los Angeles, CA",49,68,0.13
2/8,"Los Angeles, CA",49,68,0.13
2/9,"Los Angeles, CA",49,68,0.14
2/10,"Los Angeles, CA",49,68,0.13
2/11,"Los Angeles, CA",49,68,0.13
2/12,"Los Angeles, CA",49,68,0.14
2/13,"Los Angeles, CA",49,69,0.14
2/14,"Los Angeles, CA",49,69,0.14
2/15,"Los Angeles, CA",49,69,0.14
2/16,"Los Angeles, CA",49,69,0.15
2/17,"Los Angeles, CA",50,69,0.16
2/18,"Los Angeles, CA",50,69,0.15
2/19,"Los Angeles, CA",50,69,0.15
2/20,"Los Angeles, CA",50,69,0.15
2/21,"Los Angeles, CA",50,69,0.15
2/22,"Los Angeles, CA",50,69,0.15
2/23,"Los Angeles, CA",50,69,0.14
2/24,"Los Angeles, CA",50,69,0.13
2/25,"Los Angeles, CA",50,69,0.14
2/26,"Los Angeles, CA",50,69,0.13
2/27,"Los Angeles, CA",50,69,0.13
2/28,"Los Angeles, CA",50,69,0.12
3/1,"Los Angeles, CA",50,69,0.11
3/2,"Los Angeles, CA",50,69,0.11
3/3,"Los Angeles, CA",50,69,0.12
3/4,"Los Angeles, CA",51,70,0.1
3/5,"Los Angeles, CA",51,70,0.11
3/6,"Los Angeles, CA",51,70,0.11
3/7,"Los Angeles, CA",51,70,0.1
3/8,"Los Angeles, CA",51,70,0.09
3/9,"Los Angeles, CA",51,70,0.1
3/10,"Los Angeles, CA",51,70,0.09
3/11,"Los Angeles, CA",51,70,0.09
3/12,"Los Angeles, CA",51,70,0.09
3/13,"Los Angeles, CA",51,70,0.09
3/14,"Los Angeles, CA",51,70,0.08
3/15,"Los Angeles, CA",51,70,0.08
3/16,"Los Angeles, CA",51,70,0.08
3/17,"Los Angeles, CA",51,70,0.06
3/18,"Los Angeles, CA",51,70,0.07
3/19,"Los Angeles, CA",51,70,0.07
3/20,"Los Angeles, CA",51,70,0.06
3/21,"Los Angeles, CA",51,71,0.06
3/22,"Los Angeles, CA",51,71,0.06
3/23,"Los Angeles, CA",51,71,0.06
3/24,"Los Angeles, CA",51,71,0.06
3/25,"Los Angeles, CA",51,71,0.06
3/26,"Los Angeles, CA",51,71,0.06
3/27,"Los Angeles, CA",52,71,0.05
3/28,"Los Angeles, CA",52,71,0.06
3/29,"Los Angeles, CA",52,71,0.05
3/30,"Los Angeles, CA",52,71,0.05
3/31,"Los Angeles, CA",52,71,0.05
4/1,"Los Angeles, CA",52,71,0.04
4/2,"Los Angeles, CA",52,71,0.05
4/3,"Los Angeles, CA",52,71,0.04
4/4,"Los Angeles, CA",52,72,0.04
4/5,"Los Angeles, CA",52,72,0.04
4/6,"Los Angeles, CA",52,72,0.04
4/7,"Los Angeles, CA",52,72,0.04
4/8,"Los Angeles, CA",53,72,0.04
4/9,"Los Angeles, CA",53,72,0.03
4/10,"Los Angeles, CA",53,72,0.04
4/11,"Los Angeles, CA",53,72,0.03
4/12,"Los Angeles, CA",53,72,0.03
4/13,"Los Angeles, CA",53,73,0.02
4/14,"Los Angeles, CA",53,73,0.03
4/15,"Los Angeles, CA",53,73,0.03
4/16,"Los Angeles, CA",54,73,0.03
4/17,"Los Angeles, CA",54,73,0.03
4/18,"Los Angeles, CA",54,73,0.03
4/19,"Los Angeles, CA",54,73,0.02
4/20,"Los Angeles, CA",54,73,0.03
4/21,"Los Angeles, CA",54,73,0.03
4/22,"Los Angeles, CA",54,73,0.02
4/23,"Los Angeles, CA",55,74,0.02
4/24,"Los Angeles, CA",55,74,0.03
4/25,"Los Angeles, CA",55,74,0.02
4/26,"Los Angeles, CA",55,74,0.02
4/27,"Los Angeles, CA",55,74,0.02
4/28,"Los Angeles, CA",55,74,0.03
4/29,"Los Angeles, CA",55,74,0.02
4/30,"Los Angeles, CA",56,74,0.02
5/1,"Los Angeles, CA",56,74,0.02
5/2,"Los Angeles, CA",56,74,0.02
5/3,"Los Angeles, CA",56,74,0.01
5/4,"Los Angeles, CA",56,74,0.01
5/5,"Los Angeles, CA",56,74,0.01
5/6,"Los Angeles, CA",56,74,0.02
5/7,"Los Angeles, CA",56,74,0.01
5/8,"Los Angeles, CA",56,74,0.01
5/9,"Los Angeles, CA",57,74,0.01
5/10,"Los Angeles, CA",57,74,0
5/11,"Los Angeles, CA",57,74,0.01
5/12,"Los Angeles, CA",57,74,0.01
5/13,"Los Angeles, CA",57,74,0.01
5/14,"Los Angeles, CA",57,74,0.01
5/15,"Los Angeles, CA",57,74,0.01
5/16,"Los Angeles, CA",57,74,0
5/17,"Los Angeles, CA",57,74,0.01
5/18,"Los Angeles, CA",57,75,0.01
5/19,"Los Angeles, CA",57,75,0
5/20,"Los Angeles, CA",58,75,0.01
5/21,"Los Angeles, CA",58,75,0.01
5/22,"Los Angeles, CA",58,75,0
5/23,"Los Angeles, CA",58,75,0.01
5/24,"Los Angeles, CA",58,75,0
5/25,"Los Angeles, CA",58,75,0.01
5/26,"Los Angeles, CA",58,75,0.01
5/27,"Los Angeles, CA",58,75,0
5/28,"Los Angeles, CA",58,75,0.01
5/29,"Los Angeles, CA",58,75,0
5/30,"Los Angeles, CA",58,75,0.01
5/31,"Los Angeles, CA",58,75,0
6/1,"Los Angeles, CA",58,75,0.01
6/2,"Los Angeles, CA",59,76,0
6/3,"Los Angeles, CA",59,76,0.01
6/4,"Los Angeles, CA",59,76,0
6/5,"Los Angeles, CA",59,76,0.01
6/6,"Los Angeles, CA",59,76,0
6/7,"Los Angeles, CA",59,76,0.01
6/8,"Los Angeles, CA",59,76,0
6/9,"Los Angeles, CA",59,77,0.01
6/10,"Los Angeles, CA",60,77,0
6/11,"Los Angeles, CA",60,77,0.01
6/12,"Los Angeles, CA",60,77,0
6/13,"Los Angeles, CA",60,77,0
6/14,"Los Angeles, CA",60,78,0.01
6/15,"Los Angeles, CA",60,78,0
6/16,"Los Angeles, CA",60,78,0
6/17,"Los Angeles, CA",61,78,0.01
6/18,"Los Angeles, CA",61,79,0
6/19,"Los Angeles, CA",61,79,0
6/20,"Los Angeles, CA",61,79,0
6/21,"Los Angeles, CA",61,79,0
6/22,"Los Angeles, CA",61,80,0
6/23,"Los Angeles, CA",61,80,0
6/24,"Los Angeles, CA",62,80,0
6/25,"Los Angeles, CA",62,80,0.01
6/26,"Los Angeles, CA",62,80,0
6/27,"Los Angeles, CA",62,81,0
6/28,"Los Angeles, CA",62,81,0
6/29,"Los Angeles, CA",62,81,0
6/30,"Los Angeles, CA",62,81,0
7/1,"Los Angeles, CA",63,82,0
7/2,"Los Angeles, CA",63,82,0
7/3,"Los Angeles, CA",63,82,0
7/4,"Los Angeles, CA",63,82,0
7/5,"Los Angeles, CA",63,82,0
7/6,"Los Angeles, CA",63,82,0
7/7,"Los Angeles, CA",63,83,0
7/8,"Los Angeles, CA",63,83,0
7/9,"Los Angeles, CA",63,83,0
7/10,"Los Angeles, CA",63,83,0
7/11,"Los Angeles, CA",64,83,0
7/12,"Los Angeles, CA",64,83,0
7/13,"Los Angeles, CA",64,83,0
7/14,"Los Angeles, CA",64,83,0
7/15,"Los Angeles, CA",64,83,0
7/16,"Los Angeles, CA",64,83,0.01
7/17,"Los Angeles, CA",64,83,0
7/18,"Los Angeles, CA",64,84,0
7/19,"Los Angeles, CA",64,84,0
7/20,"Los Angeles, CA",64,84,0
7/21,"Los Angeles, CA",64,84,0
7/22,"Los Angeles, CA",64,84,0
7/23,"Los Angeles, CA",64,84,0
7/24,"Los Angeles, CA",64,84,0
7/25,"Los Angeles, CA",64,84,0
7/26,"Los Angeles, CA",64,84,0
7/27,"Los Angeles, CA",64,84,0
7/28,"Los Angeles, CA",64,84,0
7/29,"Los Angeles, CA",64,84,0
7/30,"Los Angeles, CA",64,84,0
7/31,"Los Angeles, CA",64,84,0
8/1,"Los Angeles, CA",64,84,0
8/2,"Los Angeles, CA",64,84,0
8/3,"Los Angeles, CA",64,84,0
8/4,"Los Angeles, CA",64,84,0
8/5,"Los Angeles, CA",64,84,0
8/6,"Los Angeles, CA",64,84,0.01
8/7,"Los Angeles, CA",64,84,0
8/8,"Los Angeles, CA",64,84,0
8/9,"Los Angeles, CA",64,84,0
8/10,"Los Angeles, CA",64,84,0
8/11,"Los Angeles, CA",64,84,0
8/12,"Los Angeles, CA",64,84,0
8/13,"Los Angeles, CA",64,84,0
8/14,"Los Angeles, CA",64,84,0.01
8/15,"Los Angeles, CA",64,84,0
8/16,"Los Angeles, CA",64,84,0
8/17,"Los Angeles, CA",64,85,0
8/18,"Los Angeles, CA",64,85,0
8/19,"Los Angeles, CA",64,85,0
8/20,"Los Angeles, CA",64,85,0
8/21,"Los Angeles, CA",64,85,0
8/22,"Los Angeles, CA",64,85,0.01
8/23,"Los Angeles, CA",64,85,0
8/24,"Los Angeles, CA",64,85,0
8/25,"Los Angeles, CA",64,85,0
8/26,"Los Angeles, CA",64,85,0
8/27,"Los Angeles, CA",64,85,0
8/28,"Los Angeles, CA",64,85,0.01
8/29,"Los Angeles, CA",64,85,0
8/30,"Los Angeles, CA",64,85,0
8/31,"Los Angeles, CA",64,85,0
9/1,"Los Angeles, CA",64,85,0
9/2,"Los Angeles, CA",64,85,0
9/3,"Los Angeles, CA",64,85,0
9/4,"Los Angeles, CA",64,85,0.01
9/5,"Los Angeles, CA",64,85,0
9/6,"Los Angeles, CA",64,84,0
9/7,"Los Angeles, CA",64,84,0
9/8,"Los Angeles, CA",64,84,0
9/9,"Los Angeles, CA",64,84,0.01
9/10,"Los Angeles, CA",64,84,0
9/11,"Los Angeles, CA",64,84,0.01
9/12,"Los Angeles, CA",64,84,0.01
9/13,"Los Angeles, CA",64,84,0
9/14,"Los Angeles, CA",63,84,0.01
9/15,"Los Angeles, CA",63,83,0.01
9/16,"Los Angeles, CA",63,83,0.01
9/17,"Los Angeles, CA",63,83,0.01
9/18,"Los Angeles, CA",63,83,0.01
9/19,"Los Angeles, CA",63,83,0.01
9/20,"Los Angeles, CA",63,83,0.01
9/21,"Los Angeles, CA",63,82,0.01
9/22,"Los Angeles, CA",63,82,0.02
9/23,"Los Angeles, CA",62,82,0.01
9/24,"Los Angeles, CA",62,82,0.01
9/25,"Los Angeles, CA",62,82,0.01
9/26,"Los Angeles, CA",62,82,0.01
9/27,"Los Angeles, CA",62,81,0.02
9/28,"Los Angeles, CA",62,81,0.01
9/29,"Los Angeles, CA",62,81,0.01
9/30,"Los Angeles, CA",62,81,0.02
10/1,"Los Angeles, CA",61,81,0.01
10/2,"Los Angeles, CA",61,81,0.02
10/3,"Los Angeles, CA",61,80,0.02
10/4,"Los Angeles, CA",61,80,0.01
10/5,"Los Angeles, CA",61,80,0.02
10/6,"Los Angeles, CA",61,80,0.02
10/7,"Los Angeles, CA",60,80,0.02
10/8,"Los Angeles, CA",60,80,0.02
10/9,"Los Angeles, CA",60,79,0.01
10/10,"Los Angeles, CA",60,79,0.02
10/11,"Los Angeles, CA",60,79,0.02
10/12,"Los Angeles, CA",60,79,0.02
10/13,"Los Angeles, CA",59,79,0.02
10/14,"Los Angeles, CA",59,79,0.02
10/15,"Los Angeles, CA",59,79,0.01
10/16,"Los Angeles, CA",59,79,0.02
10/17,"Los Angeles, CA",59,78,0.03
10/18,"Los Angeles, CA",58,78,0.02
10/19,"Los Angeles, CA",58,78,0.02
10/20,"Los Angeles, CA",58,78,0.02
10/21,"Los Angeles, CA",58,78,0.02
10/22,"Los Angeles, CA",58,78,0.02
10/23,"Los Angeles, CA",57,78,0.03
10/24,"Los Angeles, CA",57,78,0.02
10/25,"Los Angeles, CA",57,77,0.03
10/26,"Los Angeles, CA",57,77,0.02
10/27,"Los Angeles, CA",57,77,0.03
10/28,"Los Angeles, CA",56,77,0.03
10/29,"Los Angeles, CA",56,77,0.03
10/30,"Los Angeles, CA",56,77,0.03
10/31,"Los Angeles, CA",56,76,0.03
11/1,"Los Angeles, CA",56,76,0.03
11/2,"Los Angeles, CA",55,76,0.03
11/3,"Los Angeles, CA",55,76,0.02
11/4,"Los Angeles, CA",55,76,0.03
11/5,"Los Angeles, CA",55,75,0.03
11/6,"Los Angeles, CA",54,75,0.02
11/7,"Los Angeles, CA",54,75,0.03
11/8,"Los Angeles, CA",54,75,0.03
11/9,"Los Angeles, CA",54,75,0.03
11/10,"Los Angeles, CA",53,74,0.02
11/11,"Los Angeles, CA",53,74,0.03
11/12,"Los Angeles, CA",53,74,0.04
11/13,"Los Angeles, CA",53,74,0.03
11/14,"Los Angeles, CA",52,73,0.03
11/15,"Los Angeles, CA",52,73,0.03
11/16,"Los Angeles, CA",52,73,0.04
11/17,"Los Angeles, CA",52,73,0.04
11/18,"Los Angeles, CA",51,72,0.03
11/19,"Los Angeles, CA",51,72,0.04
11/20,"Los Angeles, CA",51,72,0.03
11/21,"Los Angeles, CA",51,71,0.04
11/22,"Los Angeles, CA",50,71,0.04
11/23,"Los Angeles, CA",50,71,0.05
11/24,"Los Angeles, CA",50,71,0.04
11/25,"Los Angeles, CA",50,70,0.04
11/26,"Los Angeles, CA",50,70,0.04
11/27,"Los Angeles, CA",49,70,0.05
11/28,"Los Angeles, CA",49,70,0.04
11/29,"Los Angeles, CA",49,69,0.04
11/30,"Los Angeles, CA",49,69,0.05
12/1,"Los Angeles, CA",49,69,0.05
12/2,"Los Angeles, CA",49,69,0.05
12/3,"Los Angeles, CA",48,69,0.05
12/4,"Los Angeles, CA",48,69,0.05
12/5,"Los Angeles, CA",48,68,0.06
12/6,"Los Angeles, CA",48,68,0.06
12/7,"Los Angeles, CA",48,68,0.06
12/8,"Los Angeles, CA",48,68,0.07
12/9,"Los Angeles, CA",48,68,0.06
12/10,"Los Angeles, CA",48,68,0.06
12/11,"Los Angeles, CA",48,68,0.07
12/12,"Los Angeles, CA",47,68,0.06
12/13,"Los Angeles, CA",47,67,0.07
12/14,"Los Angeles, CA",47,67,0.07
12/15,"Los Angeles, CA",47,67,0.07
12/16,"Los Angeles, CA",47,67,0.07
12/17,"Los Angeles, CA",47,67,0.08
12/18,"Los Angeles, CA",47,67,0.08
12/19,"Los Angeles, CA",47,67,0.08
12/20,"Los Angeles, CA",47,67,0.08
12/21,"Los Angeles, CA",47,67,0.08
12/22,"Los Angeles, CA",47,67,0.09
12/23,"Los Angeles, CA",47,67,0.08
12/24,"Los Angeles, CA",47,67,0.09
12/25,"Los Angeles, CA",47,67,0.09
12/26,"Los Angeles, CA",47,68,0.09
12/27,"Los Angeles, CA",47,68,0.1
12/28,"Los Angeles, CA",47,68,0.1
12/29,"Los Angeles, CA",47,68,0.11
12/30,"Los Angeles, CA",47,68,0.1
12/31,"Los Angeles, CA",47,68,0.1
1/1,"Seattle, WA",36,46,0.18
1/2,"Seattle, WA",36,46,0.18
1/3,"Seattle, WA",36,46,0.19
1/4,"Seattle, WA",36,46,0.19
1/5,"Seattle, WA",36,46,0.18
1/6,"Seattle, WA",37,46,0.19
1/7,"Seattle, WA",37,46,0.19
1/8,"Seattle, WA",37,46,0.2
1/9,"Seattle, WA",37,46,0.19
1/10,"Seattle, WA",37,47,0.2
1/11,"Seattle, WA",37,47,0.19
1/12,"Seattle, WA",37,47,0.19
1/13,"Seattle, WA",37,47,0.18
1/14,"Seattle, WA",37,47,0.19
1/15,"Seattle, WA",37,47,0.19
1/16,"Seattle, WA",37,47,0.2
1/17,"Seattle, WA",37,47,0.19
1/18,"Seattle, WA",37,48,0.19
1/19,"Seattle, WA",37,48,0.18
1/20,"Seattle, WA",37,48,0.19
1/21,"Seattle, WA",37,48,0.17
1/22,"Seattle, WA",37,48,0.17
1/23,"Seattle, WA",37,48,0.17
1/24,"Seattle, WA",37,48,0.16
1/25,"Seattle, WA",37,48,0.17
1/26,"Seattle, WA",37,48,0.16
1/27,"Seattle, WA",37,48,0.16
1/28,"Seattle, WA",37,48,0.16
1/29,"Seattle, WA",37,49,0.16
1/30,"Seattle, WA",37,49,0.15
1/31,"Seattle, WA",37,49,0.16
2/1,"Seattle, WA",37,49,0.13
2/2,"Seattle, WA",37,49,0.13
2/3,"Seattle, WA",37,49,0.14
2/4,"Seattle, WA",37,49,0.13
2/5,"Seattle, WA",37,49,0.14
2/6,"Seattle, WA",37,49,0.13
2/7,"Seattle, WA",37,49,0.14
2/8,"Seattle, WA",37,49,0.13
2/9,"Seattle, WA",37,49,0.13
2/10,"Seattle, WA",37,49,0.13
2/11,"Seattle, WA",37,50,0.13
2/12,"Seattle, WA",37,50,0.12
2/13,"Seattle, WA",37,50,0.13
2/14,"Seattle, WA",37,50,0.11
2/15,"Seattle, WA",37,50,0.12
2/16,"Seattle, WA",37,50,0.12
2/17,"Seattle, WA",37,50,0.12
2/18,"Seattle, WA",37,50,0.11
2/19,"Seattle, WA",37,50,0.12
2/20,"Seattle, WA",37,50,0.12
2/21,"Seattle, WA",37,51,0.12
2/22,"Seattle, WA",37,51,0.12
2/23,"Seattle, WA",37,51,0.11
2/24,"Seattle, WA",37,51,0.12
2/25,"Seattle, WA",37,51,0.13
2/26,"Seattle, WA",37,51,0.12
2/27,"Seattle, WA",37,51,0.13
2/28,"Seattle, WA",38,51,0.12
3/1,"Seattle, WA",38,52,0.13
3/2,"Seattle, WA",38,52,0.14
3/3,"Seattle, WA",38,52,0.12
3/4,"Seattle, WA",38,52,0.13
3/5,"Seattle, WA",38,52,0.13
3/6,"Seattle, WA",38,52,0.12
3/7,"Seattle, WA",38,52,0.12
3/8,"Seattle, WA",38,53,0.12
3/9,"Seattle, WA",39,53,0.12
3/10,"Seattle, WA",39,53,0.12
3/11,"Seattle, WA",39,53,0.12
3/12,"Seattle, WA",39,53,0.13
3/13,"Seattle, WA",39,53,0.12
3/14,"Seattle, WA",39,53,0.13
3/15,"Seattle, WA",39,54,0.12
3/16,"Seattle, WA",39,54,0.12
3/17,"Seattle, WA",40,54,0.12
3/18,"Seattle, WA",40,54,0.12
3/19,"Seattle, WA",40,54,0.11
3/20,"Seattle, WA",40,54,0.12
3/21,"Seattle, WA",40,55,0.12
3/22,"Seattle, WA",40,55,0.13
3/23,"Seattle, WA",40,55,0.12
3/24,"Seattle, WA",40,55,0.11
3/25,"Seattle, WA",40,55,0.12
3/26,"Seattle, WA",40,55,0.11
3/27,"Seattle, WA",41,55,0.11
3/28,"Seattle, WA",41,56,0.11
3/29,"Seattle, WA",41,56,0.11
3/30,"Seattle, WA",41,56,0.11
3/31,"Seattle, WA",41,56,0.11
4/1,"Seattle, WA",41,56,0.11
4/2,"Seattle, WA",41,56,0.11
4/3,"Seattle, WA",41,56,0.11
4/4,"Seattle, WA",41,57,0.11
4/5,"Seattle, WA",41,57,0.1
4/6,"Seattle, WA",41,57,0.1
4/7,"Seattle, WA",41,57,0.1
4/8,"Seattle, WA",41,57,0.1
4/9,"Seattle, WA",41,57,0.1
4/10,"Seattle, WA",42,57,0.09
4/11,"Seattle, WA",42,58,0.1
4/12,"Seattle, WA",42,58,0.09
4/13,"Seattle, WA",42,58,0.09
4/14,"Seattle, WA",42,58,0.1
4/15,"Seattle, WA",42,58,0.09
4/16,"Seattle, WA",42,59,0.09
4/17,"Seattle, WA",42,59,0.09
4/18,"Seattle, WA",42,59,0.09
4/19,"Seattle, WA",42,59,0.09
4/20,"Seattle, WA",43,59,0.08
4/21,"Seattle, WA",43,59,0.09
4/22,"Seattle, WA",43,60,0.08
4/23,"Seattle, WA",43,60,0.08
4/24,"Seattle, WA",43,60,0.08
4/25,"Seattle, WA",43,60,0.07
4/26,"Seattle, WA",44,61,0.08
4/27,"Seattle, WA",44,61,0.08
4/28,"Seattle, WA",44,61,0.07
4/29,"Seattle, WA",44,61,0.07
4/30,"Seattle, WA",44,61,0.07
5/1,"Seattle, WA",44,62,0.07
5/2,"Seattle, WA",45,62,0.06
5/3,"Seattle, WA",45,62,0.07
5/4,"Seattle, WA",45,62,0.06
5/5,"Seattle, WA",45,63,0.07
5/6,"Seattle, WA",45,63,0.07
5/7,"Seattle, WA",46,63,0.06
5/8,"Seattle, WA",46,63,0.06
5/9,"Seattle, WA",46,63,0.06
5/10,"Seattle, WA",46,64,0.07
5/11,"Seattle, WA",46,64,0.06
5/12,"Seattle, WA",47,64,0.06
5/13,"Seattle, WA",47,64,0.06
5/14,"Seattle, WA",47,65,0.06
5/15,"Seattle, WA",47,65,0.06
5/16,"Seattle, WA",47,65,0.06
5/17,"Seattle, WA",48,65,0.06
5/18,"Seattle, WA",48,65,0.06
5/19,"Seattle, WA",48,65,0.06
5/20,"Seattle, WA",48,66,0.06
5/21,"Seattle, WA",48,66,0.06
5/22,"Seattle, WA",49,66,0.06
5/23,"Seattle, WA",49,66,0.06
5/24,"Seattle, WA",49,66,0.06
5/25,"Seattle, WA",49,66,0.06
5/26,"Seattle, WA",49,67,0.07
5/27,"Seattle, WA",49,67,0.06
5/28,"Seattle, WA",50,67,0.07
5/29,"Seattle, WA",50,67,0.06
5/30,"Seattle, WA",50,67,0.07
5/31,"Seattle, WA",50,67,0.06
6/1,"Seattle, WA",50,67,0.07
6/2,"Seattle, WA",50,68,0.06
6/3,"Seattle, WA",50,68,0.06
6/4,"Seattle, WA",50,68,0.07
6/5,"Seattle, WA",51,68,0.06
6/6,"Seattle, WA",51,68,0.06
6/7,"Seattle, WA",51,68,0.06
6/8,"Seattle, WA",51,69,0.07
6/9,"Seattle, WA",51,69,0.06
6/10,"Seattle, WA",51,69,0.06
6/11,"Seattle, WA",51,69,0.06
6/12,"Seattle, WA",51,69,0.06
6/13,"Seattle, WA",52,69,0.05
6/14,"Seattle, WA",52,70,0.06
6/15,"Seattle, WA",52,70,0.05
6/16,"Seattle, WA",52,70,0.06
6/17,"Seattle, WA",52,70,0.05
6/18,"Seattle, WA",52,70,0.05
6/19,"Seattle, WA",52,70,0.05
6/20,"Seattle, WA",53,71,0.05
6/21,"Seattle, WA",53,71,0.05
6/22,"Seattle, WA",53,71,0.04
6/23,"Seattle, WA",53,71,0.04
6/24,"Seattle, WA",53,72,0.05
6/25,"Seattle, WA",53,72,0.04
6/26,"Seattle, WA",53,72,0.03
6/27,"Seattle, WA",53,72,0.04
6/28,"Seattle, WA",54,72,0.04
6/29,"Seattle, WA",54,73,0.03
6/30,"Seattle, WA",54,73,0.04
7/1,"Seattle, WA",54,73,0.03
7/2,"Seattle, WA",54,73,0.03
7/3,"Seattle, WA",54,74,0.03
7/4,"Seattle, WA",54,74,0.03
7/5,"Seattle, WA",55,74,0.03
7/6,"Seattle, WA",55,74,0.03
7/7,"Seattle, WA",55,74,0.03
7/8,"Seattle, WA",55,75,0.03
7/9,"Seattle, WA",55,75,0.02
7/10,"Seattle, WA",55,75,0.03
7/11,"Seattle, WA",55,75,0.03
7/12,"Seattle, WA",55,75,0.02
7/13,"Seattle, WA",56,76,0.02
7/14,"Seattle, WA",56,76,0.03
7/15,"Seattle, WA",56,76,0.02
7/16,"Seattle, WA",56,76,0.02
7/17,"Seattle, WA",56,76,0.02
7/18,"Seattle, WA",56,76,0.02
7/19,"Seattle, WA",56,77,0.02
7/20,"Seattle, WA",56,77,0.02
7/21,"Seattle, WA",56,77,0.01
7/22,"Seattle, WA",56,77,0.02
7/23,"Seattle, WA",56,77,0.02
7/24,"Seattle, WA",56,77,0.02
7/25,"Seattle, WA",56,77,0.02
7/26,"Seattle, WA",56,77,0.02
7/27,"Seattle, WA",57,77,0.01
7/28,"Seattle, WA",57,77,0.02
7/29,"Seattle, WA",57,77,0.02
7/30,"Seattle, WA",57,77,0.01
7/31,"Seattle, WA",57,77,0.02
8/1,"Seattle, WA",57,77,0.02
8/2,"Seattle, WA",57,77,0.02
8/3,"Seattle, WA",57,77,0.01
8/4,"Seattle, WA",57,77,0.02
8/5,"Seattle, WA",57,77,0.02
8/6,"Seattle, WA",57,77,0.02
8/7,"Seattle, WA",56,77,0.02
8/8,"Seattle, WA",56,77,0.02
8/9,"Seattle, WA",56,77,0.03
8/10,"Seattle, WA",56,77,0.02
8/11,"Seattle, WA",56,77,0.03
8/12,"Seattle, WA",56,77,0.02
8/13,"Seattle, WA",56,77,0.03
8/14,"Seattle, WA",56,77,0.03
8/15,"Seattle, WA",56,77,0.03
8/16,"Seattle, WA",56,77,0.03
8/17,"Seattle, WA",56,76,0.03
8/18,"Seattle, WA",56,76,0.03
8/19,"Seattle, WA",56,76,0.03
8/20,"Seattle, WA",56,76,0.03
8/21,"Seattle, WA",56,76,0.03
8/22,"Seattle, WA",56,76,0.03
8/23,"Seattle, WA",56,76,0.04
8/24,"Seattle, WA",55,76,0.03
8/25,"Seattle, WA",55,75,0.03
8/26,"Seattle, WA",55,75,0.04
8/27,"Seattle, WA",55,75,0.04
8/28,"Seattle, WA",55,75,0.03
8/29,"Seattle, WA",55,75,0.04
8/30,"Seattle, WA",55,75,0.04
8/31,"Seattle, WA",55,74,0.04
9/1,"Seattle, WA",55,74,0.04
9/2,"Seattle, WA",55,74,0.03
9/3,"Seattle, WA",54,74,0.04
9/4,"Seattle, WA",54,74,0.05
9/5,"Seattle, WA",54,74,0.04
9/6,"Seattle, WA",54,73,0.04
9/7,"Seattle, WA",54,73,0.04
9/8,"Seattle, WA",54,73,0.05
9/9,"Seattle, WA",53,73,0.04
9/10,"Seattle, WA",53,72,0.04
9/11,"Seattle, WA",53,72,0.05
9/12,"Seattle, WA",53,72,0.04
9/13,"Seattle, WA",53,72,0.05
9/14,"Seattle, WA",53,71,0.04
9/15,"Seattle, WA",52,71,0.05
9/16,"Seattle, WA",52,71,0.05
9/17,"Seattle, WA",52,70,0.04
9/18,"Seattle, WA",52,70,0.05
9/19,"Seattle, WA",52,70,0.05
9/20,"Seattle, WA",51,69,0.06
9/21,"Seattle, WA",51,69,0.05
9/22,"Seattle, WA",51,69,0.06
9/23,"Seattle, WA",51,68,0.05
9/24,"Seattle, WA",50,68,0.06
9/25,"Seattle, WA",50,68,0.06
9/26,"Seattle, WA",50,67,0.07
9/27,"Seattle, WA",50,67,0.06
9/28,"Seattle, WA",50,67,0.07
9/29,"Seattle, WA",49,66,0.06
9/30,"Seattle, WA",49,66,0.07
10/1,"Seattle, WA",49,65,0.07
10/2,"Seattle, WA",49,65,0.07
10/3,"Seattle, WA",48,65,0.07
10/4,"Seattle, WA",48,64,0.07
10/5,"Seattle, WA",48,64,0.08
10/6,"Seattle, WA",48,63,0.08
10/7,"Seattle, WA",48,63,0.09
10/8,"Seattle, WA",47,63,0.08
10/9,"Seattle, WA",47,62,0.09
10/10,"Seattle, WA",47,62,0.09
10/11,"Seattle, WA",47,61,0.09
10/12,"Seattle, WA",47,61,0.09
10/13,"Seattle, WA",46,61,0.1
10/14,"Seattle, WA",46,60,0.11
10/15,"Seattle, WA",46,60,0.1
10/16,"Seattle, WA",46,60,0.11
10/17,"Seattle, WA",46,59,0.11
10/18,"Seattle, WA",45,59,0.11
10/19,"Seattle, WA",45,58,0.12
10/20,"Seattle, WA",45,58,0.12
10/21,"Seattle, WA",45,58,0.13
10/22,"Seattle, WA",45,57,0.12
10/23,"Seattle, WA",45,57,0.14
10/24,"Seattle, WA",44,57,0.14
10/25,"Seattle, WA",44,57,0.14
10/26,"Seattle, WA",44,56,0.15
10/27,"Seattle, WA",44,56,0.15
10/28,"Seattle, WA",44,56,0.16
10/29,"Seattle, WA",43,55,0.16
10/30,"Seattle, WA",43,55,0.17
10/31,"Seattle, WA",43,55,0.17
11/1,"Seattle, WA",43,55,0.19
11/2,"Seattle, WA",43,54,0.19
11/3,"Seattle, WA",43,54,0.2
11/4,"Seattle, WA",42,54,0.2
11/5,"Seattle, WA",42,53,0.2
11/6,"Seattle, WA",42,53,0.21
11/7,"Seattle, WA",42,53,0.2
11/8,"Seattle, WA",42,53,0.22
11/9,"Seattle, WA",41,52,0.21
11/10,"Seattle, WA",41,52,0.22
11/11,"Seattle, WA",41,52,0.23
11/12,"Seattle, WA",41,52,0.23
11/13,"Seattle, WA",41,51,0.23
11/14,"Seattle, WA",40,51,0.23
11/15,"Seattle, WA",40,51,0.23
11/16,"Seattle, WA",40,51,0.23
11/17,"Seattle, WA",40,51,0.23
11/18,"Seattle, WA",40,50,0.23
11/19,"Seattle, WA",39,50,0.24
11/20,"Seattle, WA",39,50,0.23
11/21,"Seattle, WA",39,50,0.23
11/22,"Seattle, WA",39,49,0.22
11/23,"Seattle, WA",38,49,0.22
11/24,"Seattle, WA",38,49,0.23
11/25,"Seattle, WA",38,49,0.22
11/26,"Seattle, WA",38,48,0.22
11/27,"Seattle, WA",38,48,0.22
11/28,"Seattle, WA",37,48,0.21
11/29,"Seattle, WA",37,48,0.23
11/30,"Seattle, WA",37,48,0.22
12/1,"Seattle, WA",37,47,0.2
12/2,"Seattle, WA",37,47,0.2
12/3,"Seattle, WA",36,47,0.2
12/4,"Seattle, WA",36,47,0.19
12/5,"Seattle, WA",36,47,0.19
12/6,"Seattle, WA",36,46,0.18
12/7,"Seattle, WA",36,46,0.19
12/8,"Seattle, WA",36,46,0.18
12/9,"Seattle, WA",36,46,0.17
12/10,"Seattle, WA",36,46,0.17
12/11,"Seattle, WA",35,46,0.17
12/12,"Seattle, WA",35,46,0.16
12/13,"Seattle, WA",35,46,0.17
12/14,"Seattle, WA",35,45,0.17
12/15,"Seattle, WA",35,45,0.16
12/16,"Seattle, WA",35,45,0.17
12/17,"Seattle, WA",35,45,0.16
12/18,"Seattle, WA",35,45,0.16
12/19,"Seattle, WA",35,45,0.17
12/20,"Seattle, WA",35,45,0.16
12/21,"Seattle, WA",35,45,0.17
12/22,"Seattle, WA",35,45,0.17
12/23,"Seattle, WA",35,45,0.17
12/24,"Seattle, WA",35,45,0.17
12/25,"Seattle, WA",35,45,0.17
12/26,"Seattle, WA",36,45,0.17
12/27,"Seattle, WA",36,45,0.17
12/28,"Seattle, WA",36,45,0.16
12/29,"Seattle, WA",36,45,0.16
12/30,"Seattle, WA",36,45,0.16
12/31,"Seattle, WA",36,46,0.16
1/1,"Indianapolis, IN",21,36,0.1
1/2,"Indianapolis, IN",21,36,0.1
1/3,"Indianapolis, IN",21,36,0.1
1/4,"Indianapolis, IN",21,36,0.1
1/5,"Indianapolis, IN",21,35,0.1
1/6,"Indianapolis, IN",21,35,0.09
1/7,"Indianapolis, IN",21,35,0.09
1/8,"Indianapolis, IN",21,35,0.1
1/9,"Indianapolis, IN",21,35,0.09
1/10,"Indianapolis, IN",20,35,0.09
1/11,"Indianapolis, IN",20,35,0.08
1/12,"Indianapolis, IN",20,35,0.09
1/13,"Indianapolis, IN",20,35,0.09
1/14,"Indianapolis, IN",20,35,0.08
1/15,"Indianapolis, IN",20,35,0.08
1/16,"Indianapolis, IN",20,35,0.08
1/17,"Indianapolis, IN",20,35,0.09
1/18,"Indianapolis, IN",20,35,0.08
1/19,"Indianapolis, IN",20,35,0.08
1/20,"Indianapolis, IN",20,36,0.08
1/21,"Indianapolis, IN",20,36,0.08
1/22,"Indianapolis, IN",20,36,0.07
1/23,"Indianapolis, IN",20,36,0.08
1/24,"Indianapolis, IN",20,36,0.08
1/25,"Indianapolis, IN",20,36,0.08
1/26,"Indianapolis, IN",20,36,0.08
1/27,"Indianapolis, IN",21,36,0.08
1/28,"Indianapolis, IN",21,36,0.08
1/29,"Indianapolis, IN",21,36,0.08
1/30,"Indianapolis, IN",21,36,0.08
1/31,"Indianapolis, IN",21,37,0.08
2/1,"Indianapolis, IN",21,37,0.08
2/2,"Indianapolis, IN",21,37,0.09
2/3,"Indianapolis, IN",21,37,0.08
2/4,"Indianapolis, IN",21,37,0.08
2/5,"Indianapolis, IN",22,37,0.09
2/6,"Indianapolis, IN",22,38,0.07
2/7,"Indianapolis, IN",22,38,0.08
2/8,"Indianapolis, IN",22,38,0.08
2/9,"Indianapolis, IN",22,38,0.08
2/10,"Indianapolis, IN",23,39,0.09
2/11,"Indianapolis, IN",23,39,0.08
2/12,"Indianapolis, IN",23,39,0.08
2/13,"Indianapolis, IN",23,39,0.08
2/14,"Indianapolis, IN",24,40,0.09
2/15,"Indianapolis, IN",24,40,0.08
2/16,"Indianapolis, IN",24,40,0.08
2/17,"Indianapolis, IN",24,41,0.08
2/18,"Indianapolis, IN",25,41,0.08
2/19,"Indianapolis, IN",25,41,0.08
2/20,"Indianapolis, IN",25,42,0.08
2/21,"Indianapolis, IN",26,42,0.08
2/22,"Indianapolis, IN",26,43,0.08
2/23,"Indianapolis, IN",26,43,0.09
2/24,"Indianapolis, IN",26,43,0.08
2/25,"Indianapolis, IN",27,44,0.09
2/26,"Indianapolis, IN",27,44,0.09
2/27,"Indianapolis, IN",27,45,0.09
2/28,"Indianapolis, IN",28,45,0.09
3/1,"Indianapolis, IN",28,45,0.1
3/2,"Indianapolis, IN",28,46,0.09
3/3,"Indianapolis, IN",29,46,0.09
3/4,"Indianapolis, IN",29,47,0.1
3/5,"Indianapolis, IN",29,47,0.1
3/6,"Indianapolis, IN",30,47,0.11
3/7,"Indianapolis, IN",30,48,0.11
3/8,"Indianapolis, IN",30,48,0.1
3/9,"Indianapolis, IN",31,49,0.11
3/10,"Indianapolis, IN",31,49,0.11
3/11,"Indianapolis, IN",31,50,0.1
3/12,"Indianapolis, IN",32,50,0.11
3/13,"Indianapolis, IN",32,51,0.11
3/14,"Indianapolis, IN",32,51,0.11
3/15,"Indianapolis, IN",33,51,0.12
3/16,"Indianapolis, IN",33,52,0.11
3/17,"Indianapolis, IN",33,52,0.12
3/18,"Indianapolis, IN",34,53,0.13
3/19,"Indianapolis, IN",34,53,0.12
3/20,"Indianapolis, IN",34,54,0.12
3/21,"Indianapolis, IN",34,54,0.12
3/22,"Indianapolis, IN",35,54,0.13
3/23,"Indianapolis, IN",35,55,0.12
3/24,"Indianapolis, IN",35,55,0.13
3/25,"Indianapolis, IN",36,56,0.13
3/26,"Indianapolis, IN",36,56,0.12
3/27,"Indianapolis, IN",36,56,0.13
3/28,"Indianapolis, IN",37,57,0.12
3/29,"Indianapolis, IN",37,57,0.13
3/30,"Indianapolis, IN",37,58,0.13
3/31,"Indianapolis, IN",38,58,0.13
4/1,"Indianapolis, IN",38,58,0.13
4/2,"Indianapolis, IN",38,59,0.12
4/3,"Indianapolis, IN",39,59,0.11
4/4,"Indianapolis, IN",39,59,0.12
4/5,"Indianapolis, IN",39,60,0.12
4/6,"Indianapolis, IN",40,60,0.12
4/7,"Indianapolis, IN",40,61,0.12
4/8,"Indianapolis, IN",40,61,0.13
4/9,"Indianapolis, IN",41,61,0.13
4/10,"Indianapolis, IN",41,62,0.13
4/11,"Indianapolis, IN",41,62,0.12
4/12,"Indianapolis, IN",42,62,0.12
4/13,"Indianapolis, IN",42,63,0.12
4/14,"Indianapolis, IN",42,63,0.13
4/15,"Indianapolis, IN",43,63,0.12
4/16,"Indianapolis, IN",43,64,0.12
4/17,"Indianapolis, IN",43,64,0.13
4/18,"Indianapolis, IN",44,64,0.13
4/19,"Indianapolis, IN",44,65,0.13
4/20,"Indianapolis, IN",44,65,0.12
4/21,"Indianapolis, IN",45,65,0.13
4/22,"Indianapolis, IN",45,66,0.13
4/23,"Indianapolis, IN",45,66,0.13
4/24,"Indianapolis, IN",46,66,0.13
4/25,"Indianapolis, IN",46,67,0.14
4/26,"Indianapolis, IN",46,67,0.13
4/27,"Indianapolis, IN",47,67,0.13
4/28,"Indianapolis, IN",47,68,0.14
4/29,"Indianapolis, IN",47,68,0.14
4/30,"Indianapolis, IN",48,68,0.14
5/1,"Indianapolis, IN",48,68,0.16
5/2,"Indianapolis, IN",48,69,0.15
5/3,"Indianapolis, IN",49,69,0.16
5/4,"Indianapolis, IN",49,69,0.16
5/5,"Indianapolis, IN",49,70,0.16
5/6,"Indianapolis, IN",49,70,0.16
5/7,"Indianapolis, IN",50,70,0.16
5/8,"Indianapolis, IN",50,70,0.16
5/9,"Indianapolis, IN",50,71,0.16
5/10,"Indianapolis, IN",51,71,0.16
5/11,"Indianapolis, IN",51,71,0.17
5/12,"Indianapolis, IN",51,72,0.17
5/13,"Indianapolis, IN",52,72,0.18
5/14,"Indianapolis, IN",52,72,0.17
5/15,"Indianapolis, IN",52,72,0.16
5/16,"Indianapolis, IN",53,73,0.17
5/17,"Indianapolis, IN",53,73,0.17
5/18,"Indianapolis, IN",53,73,0.17
5/19,"Indianapolis, IN",54,74,0.17
5/20,"Indianapolis, IN",54,74,0.16
5/21,"Indianapolis, IN",54,74,0.18
5/22,"Indianapolis, IN",55,75,0.16
5/23,"Indianapolis, IN",55,75,0.16
5/24,"Indianapolis, IN",55,75,0.17
5/25,"Indianapolis, IN",56,76,0.16
5/26,"Indianapolis, IN",56,76,0.16
5/27,"Indianapolis, IN",56,76,0.15
5/28,"Indianapolis, IN",57,76,0.16
5/29,"Indianapolis, IN",57,77,0.16
5/30,"Indianapolis, IN",57,77,0.15
5/31,"Indianapolis, IN",58,77,0.16
6/1,"Indianapolis, IN",58,78,0.14
6/2,"Indianapolis, IN",58,78,0.15
6/3,"Indianapolis, IN",59,78,0.14
6/4,"Indianapolis, IN",59,79,0.14
6/5,"Indianapolis, IN",59,79,0.15
6/6,"Indianapolis, IN",60,79,0.15
6/7,"Indianapolis, IN",60,80,0.14
6/8,"Indianapolis, IN",60,80,0.15
6/9,"Indianapolis, IN",60,80,0.14
6/10,"Indianapolis, IN",61,81,0.14
6/11,"Indianapolis, IN",61,81,0.14
6/12,"Indianapolis, IN",61,81,0.13
6/13,"Indianapolis, IN",62,82,0.14
6/14,"Indianapolis, IN",62,82,0.14
6/15,"Indianapolis, IN",62,82,0.13
6/16,"Indianapolis, IN",63,82,0.13
6/17,"Indianapolis, IN",63,83,0.14
6/18,"Indianapolis, IN",63,83,0.14
6/19,"Indianapolis, IN",63,83,0.14
6/20,"Indianapolis, IN",64,83,0.14
6/21,"Indianapolis, IN",64,84,0.14
6/22,"Indianapolis, IN",64,84,0.15
6/23,"Indianapolis, IN",64,84,0.14
6/24,"Indianapolis, IN",64,84,0.15
6/25,"Indianapolis, IN",65,84,0.15
6/26,"Indianapolis, IN",65,85,0.14
6/27,"Indianapolis, IN",65,85,0.14
6/28,"Indianapolis, IN",65,85,0.15
6/29,"Indianapolis, IN",65,85,0.14
6/30,"Indianapolis, IN",65,85,0.14
7/1,"Indianapolis, IN",66,85,0.16
7/2,"Indianapolis, IN",66,85,0.16
7/3,"Indianapolis, IN",66,85,0.15
7/4,"Indianapolis, IN",66,85,0.15
7/5,"Indianapolis, IN",66,85,0.16
7/6,"Indianapolis, IN",66,85,0.15
7/7,"Indianapolis, IN",66,85,0.16
7/8,"Indianapolis, IN",66,85,0.16
7/9,"Indianapolis, IN",66,85,0.16
7/10,"Indianapolis, IN",66,85,0.16
7/11,"Indianapolis, IN",66,85,0.16
7/12,"Indianapolis, IN",66,85,0.16
7/13,"Indianapolis, IN",66,85,0.17
7/14,"Indianapolis, IN",66,85,0.16
7/15,"Indianapolis, IN",66,85,0.17
7/16,"Indianapolis, IN",66,85,0.15
7/17,"Indianapolis, IN",66,85,0.15
7/18,"Indianapolis, IN",66,85,0.15
7/19,"Indianapolis, IN",66,85,0.14
7/20,"Indianapolis, IN",66,85,0.13
7/21,"Indianapolis, IN",66,85,0.14
7/22,"Indianapolis, IN",66,85,0.14
7/23,"Indianapolis, IN",66,85,0.14
7/24,"Indianapolis, IN",66,85,0.14
7/25,"Indianapolis, IN",66,85,0.13
7/26,"Indianapolis, IN",66,85,0.13
7/27,"Indianapolis, IN",66,85,0.12
7/28,"Indianapolis, IN",66,85,0.12
7/29,"Indianapolis, IN",66,85,0.13
7/30,"Indianapolis, IN",66,84,0.13
7/31,"Indianapolis, IN",66,84,0.12
8/1,"Indianapolis, IN",65,84,0.11
8/2,"Indianapolis, IN",65,84,0.11
8/3,"Indianapolis, IN",65,84,0.11
8/4,"Indianapolis, IN",65,84,0.1
8/5,"Indianapolis, IN",65,84,0.1
8/6,"Indianapolis, IN",65,84,0.11
8/7,"Indianapolis, IN",65,84,0.1
8/8,"Indianapolis, IN",65,84,0.09
8/9,"Indianapolis, IN",65,84,0.1
8/10,"Indianapolis, IN",65,84,0.1
8/11,"Indianapolis, IN",65,84,0.09
8/12,"Indianapolis, IN",65,84,0.1
8/13,"Indianapolis, IN",65,84,0.09
8/14,"Indianapolis, IN",65,84,0.09
8/15,"Indianapolis, IN",65,84,0.1
8/16,"Indianapolis, IN",65,84,0.1
8/17,"Indianapolis, IN",65,84,0.11
8/18,"Indianapolis, IN",65,84,0.11
8/19,"Indianapolis, IN",64,84,0.1
8/20,"Indianapolis, IN",64,84,0.11
8/21,"Indianapolis, IN",64,84,0.1
8/22,"Indianapolis, IN",64,84,0.1
8/23,"Indianapolis, IN",64,84,0.1
8/24,"Indianapolis, IN",64,84,0.09
8/25,"Indianapolis, IN",64,84,0.1
8/26,"Indianapolis, IN",63,84,0.11
8/27,"Indianapolis, IN",63,84,0.1
8/28,"Indianapolis, IN",63,83,0.1
8/29,"Indianapolis, IN",63,83,0.1
8/30,"Indianapolis, IN",63,83,0.1
8/31,"Indianapolis, IN",62,83,0.1
9/1,"Indianapolis, IN",62,83,0.1
9/2,"Indianapolis, IN",62,82,0.1
9/3,"Indianapolis, IN",61,82,0.1
9/4,"Indianapolis, IN",61,82,0.09
9/5,"Indianapolis, IN",61,82,0.1
9/6,"Indianapolis, IN",60,81,0.1
9/7,"Indianapolis, IN",60,81,0.11
9/8,"Indianapolis, IN",60,81,0.1
9/9,"Indianapolis, IN",59,80,0.1
9/10,"Indianapolis, IN",59,80,0.11
9/11,"Indianapolis, IN",58,80,0.11
9/12,"Indianapolis, IN",58,79,0.11
9/13,"Indianapolis, IN",58,79,0.11
9/14,"Indianapolis, IN",57,79,0.11
9/15,"Indianapolis, IN",57,78,0.11
9/16,"Indianapolis, IN",56,78,0.09
9/17,"Indianapolis, IN",56,77,0.1
9/18,"Indianapolis, IN",55,77,0.09
9/19,"Indianapolis, IN",55,76,0.11
9/20,"Indianapolis, IN",54,76,0.1
9/21,"Indianapolis, IN",54,76,0.11
9/22,"Indianapolis, IN",53,75,0.11
9/23,"Indianapolis, IN",53,75,0.11
9/24,"Indianapolis, IN",53,74,0.1
9/25,"Indianapolis, IN",52,74,0.11
9/26,"Indianapolis, IN",52,73,0.1
9/27,"Indianapolis, IN",51,73,0.11
9/28,"Indianapolis, IN",51,72,0.11
9/29,"Indianapolis, IN",50,72,0.1
9/30,"Indianapolis, IN",50,72,0.11
10/1,"Indianapolis, IN",50,71,0.1
10/2,"Indianapolis, IN",49,71,0.11
10/3,"Indianapolis, IN",49,70,0.11
10/4,"Indianapolis, IN",48,70,0.11
10/5,"Indianapolis, IN",48,69,0.1
10/6,"Indianapolis, IN",48,69,0.11
10/7,"Indianapolis, IN",47,69,0.1
10/8,"Indianapolis, IN",47,68,0.1
10/9,"Indianapolis, IN",47,68,0.11
10/10,"Indianapolis, IN",46,67,0.1
10/11,"Indianapolis, IN",46,67,0.1
10/12,"Indianapolis, IN",46,67,0.1
10/13,"Indianapolis, IN",45,66,0.1
10/14,"Indianapolis, IN",45,66,0.1
10/15,"Indianapolis, IN",45,66,0.1
10/16,"Indianapolis, IN",45,65,0.1
10/17,"Indianapolis, IN",44,65,0.1
10/18,"Indianapolis, IN",44,65,0.1
10/19,"Indianapolis, IN",44,64,0.1
10/20,"Indianapolis, IN",44,64,0.1
10/21,"Indianapolis, IN",43,64,0.09
10/22,"Indianapolis, IN",43,63,0.1
10/23,"Indianapolis, IN",43,63,0.09
10/24,"Indianapolis, IN",42,62,0.09
10/25,"Indianapolis, IN",42,62,0.09
10/26,"Indianapolis, IN",42,62,0.1
10/27,"Indianapolis, IN",42,61,0.1
10/28,"Indianapolis, IN",41,61,0.1
10/29,"Indianapolis, IN",41,61,0.1
10/30,"Indianapolis, IN",41,60,0.11
10/31,"Indianapolis, IN",41,60,0.1
11/1,"Indianapolis, IN",40,59,0.12
11/2,"Indianapolis, IN",40,59,0.11
11/3,"Indianapolis, IN",40,59,0.12
11/4,"Indianapolis, IN",39,58,0.11
11/5,"Indianapolis, IN",39,58,0.12
11/6,"Indianapolis, IN",39,57,0.12
11/7,"Indianapolis, IN",38,57,0.11
11/8,"Indianapolis, IN",38,56,0.12
11/9,"Indianapolis, IN",38,56,0.11
11/10,"Indianapolis, IN",37,55,0.11
11/11,"Indianapolis, IN",37,55,0.12
11/12,"Indianapolis, IN",37,54,0.12
11/13,"Indianapolis, IN",36,54,0.13
11/14,"Indianapolis, IN",36,53,0.14
11/15,"Indianapolis, IN",36,53,0.13
11/16,"Indianapolis, IN",35,52,0.13
11/17,"Indianapolis, IN",35,52,0.13
11/18,"Indianapolis, IN",34,51,0.14
11/19,"Indianapolis, IN",34,51,0.13
11/20,"Indianapolis, IN",33,50,0.13
11/21,"Indianapolis, IN",33,49,0.14
11/22,"Indianapolis, IN",33,49,0.13
11/23,"Indianapolis, IN",32,48,0.13
11/24,"Indianapolis, IN",32,48,0.13
11/25,"Indianapolis, IN",31,47,0.12
11/26,"Indianapolis, IN",31,47,0.12
11/27,"Indianapolis, IN",31,46,0.12
11/28,"Indianapolis, IN",30,46,0.12
11/29,"Indianapolis, IN",30,45,0.12
11/30,"Indianapolis, IN",29,45,0.12
12/1,"Indianapolis, IN",29,44,0.1
12/2,"Indianapolis, IN",29,44,0.11
12/3,"Indianapolis, IN",28,43,0.1
12/4,"Indianapolis, IN",28,43,0.1
12/5,"Indianapolis, IN",27,42,0.11
12/6,"Indianapolis, IN",27,42,0.1
12/7,"Indianapolis, IN",27,41,0.1
12/8,"Indianapolis, IN",26,41,0.11
12/9,"Indianapolis, IN",26,41,0.11
12/10,"Indianapolis, IN",26,40,0.1
12/11,"Indianapolis, IN",25,40,0.1
12/12,"Indianapolis, IN",25,40,0.1
12/13,"Indianapolis, IN",25,39,0.1
12/14,"Indianapolis, IN",25,39,0.09
12/15,"Indianapolis, IN",24,39,0.1
12/16,"Indianapolis, IN",24,38,0.1
12/17,"Indianapolis, IN",24,38,0.1
12/18,"Indianapolis, IN",24,38,0.09
12/19,"Indianapolis, IN",23,38,0.1
12/20,"Indianapolis, IN",23,37,0.1
12/21,"Indianapolis, IN",23,37,0.11
12/22,"Indianapolis, IN",23,37,0.11
12/23,"Indianapolis, IN",23,37,0.11
12/24,"Indianapolis, IN",22,37,0.1
12/25,"Indianapolis, IN",22,36,0.11
12/26,"Indianapolis, IN",22,36,0.11
12/27,"Indianapolis, IN",22,36,0.1
12/28,"Indianapolis, IN",22,36,0.1
12/29,"Indianapolis, IN",22,36,0.1
12/30,"Indianapolis, IN",21,36,0.1
12/31,"Indianapolis, IN",21,36,0.1
1/1,"Houston, TX",43,63,0.1
1/2,"Houston, TX",43,63,0.1
1/3,"Houston, TX",43,62,0.1
1/4,"Houston, TX",43,62,0.11
1/5,"Houston, TX",43,62,0.11
1/6,"Houston, TX",43,62,0.11
1/7,"Houston, TX",43,62,0.1
1/8,"Houston, TX",43,62,0.11
1/9,"Houston, TX",43,63,0.1
1/10,"Houston, TX",43,63,0.11
1/11,"Houston, TX",43,63,0.1
1/12,"Houston, TX",43,63,0.11
1/13,"Houston, TX",43,63,0.1
1/14,"Houston, TX",43,63,0.11
1/15,"Houston, TX",43,63,0.11
1/16,"Houston, TX",43,63,0.11
1/17,"Houston, TX",43,63,0.11
1/18,"Houston, TX",43,63,0.12
1/19,"Houston, TX",43,63,0.11
1/20,"Houston, TX",43,63,0.11
1/21,"Houston, TX",43,63,0.11
1/22,"Houston, TX",43,63,0.12
1/23,"Houston, TX",43,63,0.11
1/24,"Houston, TX",43,63,0.11
1/25,"Houston, TX",44,63,0.11
1/26,"Houston, TX",44,64,0.11
1/27,"Houston, TX",44,64,0.11
1/28,"Houston, TX",44,64,0.12
1/29,"Houston, TX",44,64,0.11
1/30,"Houston, TX",44,64,0.12
1/31,"Houston, TX",44,64,0.11
2/1,"Houston, TX",44,64,0.12
2/2,"Houston, TX",44,64,0.11
2/3,"Houston, TX",44,64,0.1
2/4,"Houston, TX",45,65,0.1
2/5,"Houston, TX",45,65,0.1
2/6,"Houston, TX",45,65,0.11
2/7,"Houston, TX",45,65,0.11
2/8,"Houston, TX",45,65,0.11
2/9,"Houston, TX",45,65,0.11
2/10,"Houston, TX",46,65,0.12
2/11,"Houston, TX",46,66,0.11
2/12,"Houston, TX",46,66,0.12
2/13,"Houston, TX",46,66,0.11
2/14,"Houston, TX",46,66,0.11
2/15,"Houston, TX",47,66,0.13
2/16,"Houston, TX",47,66,0.12
2/17,"Houston, TX",47,67,0.12
2/18,"Houston, TX",47,67,0.13
2/19,"Houston, TX",47,67,0.12
2/20,"Houston, TX",48,67,0.12
2/21,"Houston, TX",48,67,0.12
2/22,"Houston, TX",48,68,0.12
2/23,"Houston, TX",48,68,0.11
2/24,"Houston, TX",48,68,0.12
2/25,"Houston, TX",49,68,0.1
2/26,"Houston, TX",49,69,0.12
2/27,"Houston, TX",49,69,0.11
2/28,"Houston, TX",49,69,0.12
3/1,"Houston, TX",50,69,0.11
3/2,"Houston, TX",50,70,0.12
3/3,"Houston, TX",50,70,0.11
3/4,"Houston, TX",50,70,0.12
3/5,"Houston, TX",50,70,0.12
3/6,"Houston, TX",51,71,0.12
3/7,"Houston, TX",51,71,0.12
3/8,"Houston, TX",51,71,0.11
3/9,"Houston, TX",51,71,0.11
3/10,"Houston, TX",51,72,0.11
3/11,"Houston, TX",52,72,0.11
3/12,"Houston, TX",52,72,0.11
3/13,"Houston, TX",52,72,0.1
3/14,"Houston, TX",52,73,0.11
3/15,"Houston, TX",52,73,0.11
3/16,"Houston, TX",53,73,0.11
3/17,"Houston, TX",53,73,0.1
3/18,"Houston, TX",53,74,0.1
3/19,"Houston, TX",53,74,0.09
3/20,"Houston, TX",53,74,0.11
3/21,"Houston, TX",54,74,0.1
3/22,"Houston, TX",54,75,0.12
3/23,"Houston, TX",54,75,0.11
3/24,"Houston, TX",54,75,0.11
3/25,"Houston, TX",54,75,0.12
3/26,"Houston, TX",55,75,0.12
3/27,"Houston, TX",55,76,0.11
3/28,"Houston, TX",55,76,0.11
3/29,"Houston, TX",55,76,0.1
3/30,"Houston, TX",55,76,0.11
3/31,"Houston, TX",56,77,0.1
4/1,"Houston, TX",56,77,0.1
4/2,"Houston, TX",56,77,0.1
4/3,"Houston, TX",56,77,0.1
4/4,"Houston, TX",56,77,0.1
4/5,"Houston, TX",57,78,0.1
4/6,"Houston, TX",57,78,0.1
4/7,"Houston, TX",57,78,0.1
4/8,"Houston, TX",57,78,0.1
4/9,"Houston, TX",58,78,0.1
4/10,"Houston, TX",58,79,0.11
4/11,"Houston, TX",58,79,0.1
4/12,"Houston, TX",58,79,0.1
4/13,"Houston, TX",59,79,0.1
4/14,"Houston, TX",59,79,0.11
4/15,"Houston, TX",59,80,0.1
4/16,"Houston, TX",59,80,0.11
4/17,"Houston, TX",60,80,0.11
4/18,"Houston, TX",60,80,0.11
4/19,"Houston, TX",60,80,0.11
4/20,"Houston, TX",61,81,0.11
4/21,"Houston, TX",61,81,0.12
4/22,"Houston, TX",61,81,0.12
4/23,"Houston, TX",61,81,0.11
4/24,"Houston, TX",62,81,0.12
4/25,"Houston, TX",62,82,0.13
4/26,"Houston, TX",62,82,0.12
4/27,"Houston, TX",63,82,0.13
4/28,"Houston, TX",63,82,0.12
4/29,"Houston, TX",63,82,0.13
4/30,"Houston, TX",64,83,0.14
5/1,"Houston, TX",64,83,0.15
5/2,"Houston, TX",64,83,0.15
5/3,"Houston, TX",64,83,0.16
5/4,"Houston, TX",65,84,0.16
5/5,"Houston, TX",65,84,0.17
5/6,"Houston, TX",65,84,0.17
5/7,"Houston, TX",65,84,0.17
5/8,"Houston, TX",66,85,0.17
5/9,"Houston, TX",66,85,0.17
5/10,"Houston, TX",66,85,0.17
5/11,"Houston, TX",67,85,0.17
5/12,"Houston, TX",67,85,0.16
5/13,"Houston, TX",67,86,0.16
5/14,"Houston, TX",67,86,0.16
5/15,"Houston, TX",68,86,0.18
5/16,"Houston, TX",68,86,0.17
5/17,"Houston, TX",68,87,0.17
5/18,"Houston, TX",68,87,0.15
5/19,"Houston, TX",68,87,0.16
5/20,"Houston, TX",69,87,0.16
5/21,"Houston, TX",69,88,0.15
5/22,"Houston, TX",69,88,0.16
5/23,"Houston, TX",69,88,0.16
5/24,"Houston, TX",70,88,0.16
5/25,"Houston, TX",70,88,0.16
5/26,"Houston, TX",70,89,0.17
5/27,"Houston, TX",70,89,0.17
5/28,"Houston, TX",70,89,0.17
5/29,"Houston, TX",71,89,0.17
5/30,"Houston, TX",71,89,0.17
5/31,"Houston, TX",71,90,0.17
6/1,"Houston, TX",71,90,0.18
6/2,"Houston, TX",71,90,0.17
6/3,"Houston, TX",72,90,0.18
6/4,"Houston, TX",72,90,0.17
6/5,"Houston, TX",72,90,0.18
6/6,"Houston, TX",72,91,0.18
6/7,"Houston, TX",72,91,0.18
6/8,"Houston, TX",72,91,0.19
6/9,"Houston, TX",73,91,0.19
6/10,"Houston, TX",73,91,0.19
6/11,"Houston, TX",73,91,0.21
6/12,"Houston, TX",73,91,0.22
6/13,"Houston, TX",73,91,0.21
6/14,"Houston, TX",73,91,0.21
6/15,"Houston, TX",73,92,0.21
6/16,"Houston, TX",74,92,0.21
6/17,"Houston, TX",74,92,0.21
6/18,"Houston, TX",74,92,0.22
6/19,"Houston, TX",74,92,0.22
6/20,"Houston, TX",74,92,0.21
6/21,"Houston, TX",74,92,0.21
6/22,"Houston, TX",74,92,0.22
6/23,"Houston, TX",74,92,0.2
6/24,"Houston, TX",74,92,0.21
6/25,"Houston, TX",75,92,0.2
6/26,"Houston, TX",75,92,0.19
6/27,"Houston, TX",75,92,0.19
6/28,"Houston, TX",75,93,0.19
6/29,"Houston, TX",75,93,0.19
6/30,"Houston, TX",75,93,0.19
7/1,"Houston, TX",75,93,0.16
7/2,"Houston, TX",75,93,0.16
7/3,"Houston, TX",75,93,0.16
7/4,"Houston, TX",75,93,0.15
7/5,"Houston, TX",75,93,0.16
7/6,"Houston, TX",75,93,0.15
7/7,"Houston, TX",75,93,0.15
7/8,"Houston, TX",75,93,0.15
7/9,"Houston, TX",75,93,0.14
7/10,"Houston, TX",75,93,0.14
7/11,"Houston, TX",75,93,0.13
7/12,"Houston, TX",75,93,0.12
7/13,"Houston, TX",75,94,0.13
7/14,"Houston, TX",75,94,0.12
7/15,"Houston, TX",75,94,0.12
7/16,"Houston, TX",75,94,0.12
7/17,"Houston, TX",75,94,0.1
7/18,"Houston, TX",75,94,0.11
7/19,"Houston, TX",75,94,0.11
7/20,"Houston, TX",75,94,0.11
7/21,"Houston, TX",75,94,0.1
7/22,"Houston, TX",75,94,0.1
7/23,"Houston, TX",75,94,0.11
7/24,"Houston, TX",75,94,0.1
7/25,"Houston, TX",75,94,0.1
7/26,"Houston, TX",75,94,0.11
7/27,"Houston, TX",75,95,0.1
7/28,"Houston, TX",75,95,0.1
7/29,"Houston, TX",75,95,0.1
7/30,"Houston, TX",75,95,0.09
7/31,"Houston, TX",75,95,0.09
8/1,"Houston, TX",75,95,0.1
8/2,"Houston, TX",75,95,0.1
8/3,"Houston, TX",75,95,0.1
8/4,"Houston, TX",75,95,0.11
8/5,"Houston, TX",75,95,0.1
8/6,"Houston, TX",75,95,0.11
8/7,"Houston, TX",75,95,0.11
8/8,"Houston, TX",75,95,0.1
8/9,"Houston, TX",75,95,0.11
8/10,"Houston, TX",75,95,0.11
8/11,"Houston, TX",75,95,0.1
8/12,"Houston, TX",75,95,0.11
8/13,"Houston, TX",75,95,0.11
8/14,"Houston, TX",75,95,0.11
8/15,"Houston, TX",75,95,0.11
8/16,"Houston, TX",75,95,0.12
8/17,"Houston, TX",75,95,0.12
8/18,"Houston, TX",75,95,0.13
8/19,"Houston, TX",75,95,0.13
8/20,"Houston, TX",75,95,0.13
8/21,"Houston, TX",75,94,0.13
8/22,"Houston, TX",75,94,0.13
8/23,"Houston, TX",75,94,0.13
8/24,"Houston, TX",75,94,0.14
8/25,"Houston, TX",75,94,0.13
8/26,"Houston, TX",74,94,0.14
8/27,"Houston, TX",74,94,0.14
8/28,"Houston, TX",74,94,0.14
8/29,"Houston, TX",74,93,0.15
8/30,"Houston, TX",74,93,0.15
8/31,"Houston, TX",74,93,0.16
9/1,"Houston, TX",74,93,0.15
9/2,"Houston, TX",73,93,0.14
9/3,"Houston, TX",73,93,0.14
9/4,"Houston, TX",73,92,0.14
9/5,"Houston, TX",73,92,0.14
9/6,"Houston, TX",73,92,0.14
9/7,"Houston, TX",72,92,0.15
9/8,"Houston, TX",72,92,0.15
9/9,"Houston, TX",72,91,0.15
9/10,"Houston, TX",72,91,0.16
9/11,"Houston, TX",71,91,0.15
9/12,"Houston, TX",71,91,0.15
9/13,"Houston, TX",71,90,0.15
9/14,"Houston, TX",70,90,0.15
9/15,"Houston, TX",70,90,0.14
9/16,"Houston, TX",70,90,0.13
9/17,"Houston, TX",70,89,0.13
9/18,"Houston, TX",69,89,0.13
9/19,"Houston, TX",69,89,0.12
9/20,"Houston, TX",69,89,0.13
9/21,"Houston, TX",68,88,0.13
9/22,"Houston, TX",68,88,0.12
9/23,"Houston, TX",68,88,0.13
9/24,"Houston, TX",67,88,0.13
9/25,"Houston, TX",67,87,0.13
9/26,"Houston, TX",67,87,0.13
9/27,"Houston, TX",66,87,0.13
9/28,"Houston, TX",66,87,0.13
9/29,"Houston, TX",66,86,0.12
9/30,"Houston, TX",65,86,0.13
10/1,"Houston, TX",65,86,0.15
10/2,"Houston, TX",65,86,0.16
10/3,"Houston, TX",65,85,0.17
10/4,"Houston, TX",64,85,0.17
10/5,"Houston, TX",64,85,0.17
10/6,"Houston, TX",64,85,0.17
10/7,"Houston, TX",63,84,0.17
10/8,"Houston, TX",63,84,0.17
10/9,"Houston, TX",63,84,0.17
10/10,"Houston, TX",63,84,0.17
10/11,"Houston, TX",62,83,0.18
10/12,"Houston, TX",62,83,0.18
10/13,"Houston, TX",62,83,0.18
10/14,"Houston, TX",61,83,0.19
10/15,"Houston, TX",61,82,0.2
10/16,"Houston, TX",61,82,0.21
10/17,"Houston, TX",61,82,0.2
10/18,"Houston, TX",60,82,0.21
10/19,"Houston, TX",60,81,0.21
10/20,"Houston, TX",60,81,0.2
10/21,"Houston, TX",60,81,0.21
10/22,"Houston, TX",59,80,0.2
10/23,"Houston, TX",59,80,0.2
10/24,"Houston, TX",59,80,0.19
10/25,"Houston, TX",59,80,0.2
10/26,"Houston, TX",58,79,0.2
10/27,"Houston, TX",58,79,0.18
10/28,"Houston, TX",58,79,0.18
10/29,"Houston, TX",57,78,0.18
10/30,"Houston, TX",57,78,0.17
10/31,"Houston, TX",57,78,0.16
11/1,"Houston, TX",57,77,0.15
11/2,"Houston, TX",56,77,0.14
11/3,"Houston, TX",56,77,0.15
11/4,"Houston, TX",56,76,0.16
11/5,"Houston, TX",55,76,0.16
11/6,"Houston, TX",55,76,0.15
11/7,"Houston, TX",55,75,0.15
11/8,"Houston, TX",55,75,0.15
11/9,"Houston, TX",54,75,0.15
11/10,"Houston, TX",54,74,0.15
11/11,"Houston, TX",54,74,0.16
11/12,"Houston, TX",53,74,0.15
11/13,"Houston, TX",53,73,0.14
11/14,"Houston, TX",53,73,0.15
11/15,"Houston, TX",52,73,0.14
11/16,"Houston, TX",52,72,0.14
11/17,"Houston, TX",52,72,0.14
11/18,"Houston, TX",51,72,0.14
11/19,"Houston, TX",51,71,0.14
11/20,"Houston, TX",51,71,0.13
11/21,"Houston, TX",50,71,0.14
11/22,"Houston, TX",50,70,0.13
11/23,"Houston, TX",50,70,0.14
11/24,"Houston, TX",49,70,0.13
11/25,"Houston, TX",49,69,0.14
11/26,"Houston, TX",49,69,0.14
11/27,"Houston, TX",49,69,0.14
11/28,"Houston, TX",48,68,0.14
11/29,"Houston, TX",48,68,0.15
11/30,"Houston, TX",48,68,0.15
12/1,"Houston, TX",47,67,0.15
12/2,"Houston, TX",47,67,0.13
12/3,"Houston, TX",47,67,0.14
12/4,"Houston, TX",47,67,0.13
12/5,"Houston, TX",46,66,0.13
12/6,"Houston, TX",46,66,0.13
12/7,"Houston, TX",46,66,0.13
12/8,"Houston, TX",46,66,0.13
12/9,"Houston, TX",45,65,0.13
12/10,"Houston, TX",45,65,0.12
12/11,"Houston, TX",45,65,0.12
12/12,"Houston, TX",45,65,0.13
12/13,"Houston, TX",45,65,0.12
12/14,"Houston, TX",45,64,0.12
12/15,"Houston, TX",44,64,0.12
12/16,"Houston, TX",44,64,0.12
12/17,"Houston, TX",44,64,0.12
12/18,"Houston, TX",44,64,0.11
12/19,"Houston, TX",44,64,0.12
12/20,"Houston, TX",44,63,0.12
12/21,"Houston, TX",44,63,0.12
12/22,"Houston, TX",44,63,0.11
12/23,"Houston, TX",44,63,0.13
12/24,"Houston, TX",43,63,0.11
12/25,"Houston, TX",43,63,0.12
12/26,"Houston, TX",43,63,0.11
12/27,"Houston, TX",43,63,0.11
12/28,"Houston, TX",43,63,0.11
12/29,"Houston, TX",43,63,0.1
12/30,"Houston, TX",43,63,0.1
12/31,"Houston, TX",43,63,0.1